starttime,from_station_name,sum,,=YEAR(A2),MONTH(A2),"=ROUNDUP(MONTH(A2)/3,0)",HOUR(A2)
10/13/2014 10:31,2nd Ave & Spring St,985.935,,2014,10,4,10
10/13/2014 10:32,2nd Ave & Spring St,926.375,,2014,10,4,10
10/13/2014 10:33,2nd Ave & Spring St,883.831,,2014,10,4,10
10/13/2014 10:34,2nd Ave & Spring St,2598.665,,2014,10,4,10
10/13/2014 11:35,Occidental Park / Occidental Ave S & S Washington St,2362.827,,2014,10,4,11
10/13/2014 11:36,Occidental Park / Occidental Ave S & S Washington St,564.899,,2014,10,4,11
10/13/2014 11:37,Occidental Park / Occidental Ave S & S Washington St,4305.943,,2014,10,4,11
10/13/2014 11:40,Occidental Park / Occidental Ave S & S Washington St,499.734,,2014,10,4,11
10/13/2014 11:41,Occidental Park / Occidental Ave S & S Washington St,1710.877,,2014,10,4,11
10/13/2014 11:42,Occidental Park / Occidental Ave S & S Washington St,437.689,,2014,10,4,11
10/13/2014 11:43,Occidental Park / Occidental Ave S & S Washington St,2897.634,,2014,10,4,11
10/13/2014 11:44,Occidental Park / Occidental Ave S & S Washington St,2537.386,,2014,10,4,11
10/13/2014 11:45,Occidental Park / Occidental Ave S & S Washington St,3776.6,,2014,10,4,11
10/13/2014 11:46,Occidental Park / Occidental Ave S & S Washington St,320.577,,2014,10,4,11
10/13/2014 11:49,City Hall / 4th Ave & James St,1014.444,,2014,10,4,11
10/13/2014 11:49,Occidental Park / Occidental Ave S & S Washington St,3168.058,,2014,10,4,11
10/13/2014 11:51,King Street Station Plaza / 2nd Ave Extension S & S Jackson St,1233.512,,2014,10,4,11
10/13/2014 11:51,Occidental Park / Occidental Ave S & S Washington St,6013.801,,2014,10,4,11
10/13/2014 11:52,1st Ave & Marion St,614.172,,2014,10,4,11
10/13/2014 11:52,King Street Station Plaza / 2nd Ave Extension S & S Jackson St,203.943,,2014,10,4,11
10/13/2014 11:52,Occidental Park / Occidental Ave S & S Washington St,752.147,,2014,10,4,11
10/13/2014 11:54,E Harrison St & Broadway Ave E,2676.788,,2014,10,4,11
10/13/2014 11:55,E Harrison St & Broadway Ave E,2684.59,,2014,10,4,11
10/13/2014 11:57,King Street Station Plaza / 2nd Ave Extension S & S Jackson St,488.523,,2014,10,4,11
10/13/2014 11:58,E Harrison St & Broadway Ave E,2444.973,,2014,10,4,11
10/13/2014 11:59,9th Ave N & Mercer St,1213.319,,2014,10,4,11
10/13/2014 12:02,Burke-Gilman Trail / NE Blakeley St & 24th Ave NE,3352.71,,2014,10,4,12
10/13/2014 12:02,Occidental Park / Occidental Ave S & S Washington St,8737.446,,2014,10,4,12
10/13/2014 12:04,2nd Ave & Spring St,353.58,,2014,10,4,12
10/13/2014 12:04,Seattle Aquarium / Alaskan Way S & Elliott Bay Trail,535.867,,2014,10,4,12
10/13/2014 12:05,6th Ave & Blanchard St,3038.91,,2014,10,4,12
10/13/2014 12:05,Seattle Aquarium / Alaskan Way S & Elliott Bay Trail,531.244,,2014,10,4,12
10/13/2014 12:08,2nd Ave & Spring St,25119.114,,2014,10,4,12
10/13/2014 12:11,2nd Ave & Spring St,872.985,,2014,10,4,12
10/13/2014 12:11,City Hall / 4th Ave & James St,332.457,,2014,10,4,12
10/13/2014 12:13,2nd Ave & Spring St,415.388,,2014,10,4,12
10/13/2014 12:15,Burke Museum / E Stevens Way NE & Memorial Way NE,2968.106,,2014,10,4,12
10/13/2014 12:17,2nd Ave & Spring St,353.611,,2014,10,4,12
10/13/2014 12:19,Burke-Gilman Trail / NE Blakeley St & 24th Ave NE,132.414,,2014,10,4,12
10/13/2014 12:19,Occidental Park / Occidental Ave S & S Washington St,888.627,,2014,10,4,12
10/13/2014 12:20,1st Ave & Marion St,351.563,,2014,10,4,12
10/13/2014 12:20,City Hall / 4th Ave & James St,690.793,,2014,10,4,12
10/13/2014 12:21,Burke Museum / E Stevens Way NE & Memorial Way NE,653.071,,2014,10,4,12
10/13/2014 12:31,Occidental Park / Occidental Ave S & S Washington St,1593.079,,2014,10,4,12
10/13/2014 12:32,2nd Ave & Spring St,959.503,,2014,10,4,12
10/13/2014 12:32,Occidental Park / Occidental Ave S & S Washington St,1703.84,,2014,10,4,12
10/13/2014 12:35,2nd Ave & Vine St,1407.221,,2014,10,4,12
10/13/2014 12:37,UW Intramural Activities Building,618.777,,2014,10,4,12
10/13/2014 12:39,6th Ave S & S King St,357.776,,2014,10,4,12
10/13/2014 12:39,UW Intramural Activities Building,627.052,,2014,10,4,12
10/13/2014 12:43,King Street Station Plaza / 2nd Ave Extension S & S Jackson St,278.849,,2014,10,4,12
10/13/2014 12:46,9th Ave N & Mercer St,77.656,,2014,10,4,12
10/13/2014 12:48,9th Ave N & Mercer St,590.698,,2014,10,4,12
10/13/2014 12:48,NE 42nd St & University Way NE,179.939,,2014,10,4,12
10/13/2014 12:49,6th Ave & Blanchard St,193.828,,2014,10,4,12
10/13/2014 12:53,1st Ave & Marion St,258.419,,2014,10,4,12
10/13/2014 12:54,12th Ave & NE Campus Pkwy,335.591,,2014,10,4,12
10/13/2014 12:54,NE 42nd St & University Way NE,1254.226,,2014,10,4,12
10/13/2014 12:57,Occidental Park / Occidental Ave S & S Washington St,425.148,,2014,10,4,12
10/13/2014 12:58,2nd Ave & Pine St,1189.182,,2014,10,4,12
10/13/2014 12:59,Frye Art Museum / Terry Ave & Columbia St,1003.336,,2014,10,4,12
10/13/2014 13:01,Harvard Ave & E Pine St,735.127,,2014,10,4,13
10/13/2014 13:02,Dexter Ave & Denny Way,607.141,,2014,10,4,13
10/13/2014 13:02,Westlake Ave & 6th Ave,518.048,,2014,10,4,13
10/13/2014 13:03,6th Ave & Blanchard St,758.603,,2014,10,4,13
10/13/2014 13:04,UW Magnuson Health Sciences Center Rotunda / Columbia Rd & San Juan Rd,616.752,,2014,10,4,13
10/13/2014 13:05,2nd Ave & Spring St,1516.688,,2014,10,4,13
10/13/2014 13:07,6th Ave & Blanchard St,883.781,,2014,10,4,13
10/13/2014 13:07,Occidental Park / Occidental Ave S & S Washington St,870.243,,2014,10,4,13
10/13/2014 13:08,12th Ave & E Mercer St,384.491,,2014,10,4,13
10/13/2014 13:08,2nd Ave & Blanchard St,69.51,,2014,10,4,13
10/13/2014 13:09,Occidental Park / Occidental Ave S & S Washington St,1071.535,,2014,10,4,13
10/13/2014 13:09,REI / Yale Ave N & John St,524.861,,2014,10,4,13
10/13/2014 13:16,E Harrison St & Broadway Ave E,466.29,,2014,10,4,13
10/13/2014 13:18,E Harrison St & Broadway Ave E,215.288,,2014,10,4,13
10/13/2014 13:20,2nd Ave & Spring St,601.665,,2014,10,4,13
10/13/2014 13:20,NE 47th St & 12th Ave NE,746.342,,2014,10,4,13
10/13/2014 13:21,NE 47th St & 12th Ave NE,714.822,,2014,10,4,13
10/13/2014 13:27,2nd Ave & Spring St,364.088,,2014,10,4,13
10/13/2014 13:30,7th Ave & Union St,1453.65,,2014,10,4,13
10/13/2014 13:32,Cal Anderson Park / 11th Ave & Pine St,579.836,,2014,10,4,13
10/13/2014 13:36,6th Ave S & S King St,465.569,,2014,10,4,13
10/13/2014 13:36,E Harrison St & Broadway Ave E,3304.856,,2014,10,4,13
10/13/2014 13:36,Occidental Park / Occidental Ave S & S Washington St,930.967,,2014,10,4,13
10/13/2014 13:36,UW Magnuson Health Sciences Center Rotunda / Columbia Rd & San Juan Rd,4328.649,,2014,10,4,13
10/13/2014 13:38,Key Arena / 1st Ave N & Harrison St,1086.674,,2014,10,4,13
10/13/2014 13:40,King Street Station Plaza / 2nd Ave Extension S & S Jackson St,1400.333,,2014,10,4,13
10/13/2014 13:43,Children's Hospital / Sandpoint Way NE & 40th Ave NE,528.344,,2014,10,4,13
10/13/2014 13:44,Seattle Aquarium / Alaskan Way S & Elliott Bay Trail,1499.49,,2014,10,4,13
10/13/2014 13:45,15th Ave E & E Thomas St,241.254,,2014,10,4,13
10/13/2014 13:45,Pier 69 / Alaskan Way & Clay St,1467.996,,2014,10,4,13
10/13/2014 13:46,Pier 69 / Alaskan Way & Clay St,1414.177,,2014,10,4,13
10/13/2014 13:49,Cal Anderson Park / 11th Ave & Pine St,457.588,,2014,10,4,13
10/13/2014 13:51,Dexter Ave N & Aloha St,472.548,,2014,10,4,13
10/13/2014 13:56,Occidental Park / Occidental Ave S & S Washington St,692.33,,2014,10,4,13
10/13/2014 13:57,2nd Ave & Pine St,532.93,,2014,10,4,13
10/13/2014 13:58,Occidental Park / Occidental Ave S & S Washington St,879.996,,2014,10,4,13
10/13/2014 14:03,City Hall / 4th Ave & James St,284.349,,2014,10,4,14
10/13/2014 14:03,REI / Yale Ave N & John St,1901.545,,2014,10,4,14
10/13/2014 14:05,2nd Ave & Spring St,320.165,,2014,10,4,14
10/13/2014 14:05,Cal Anderson Park / 11th Ave & Pine St,107.847,,2014,10,4,14
10/13/2014 14:05,REI / Yale Ave N & John St,1778.2,,2014,10,4,14
10/13/2014 14:06,E Pine St & 16th Ave,362.646,,2014,10,4,14
10/13/2014 14:06,REI / Yale Ave N & John St,1718.521,,2014,10,4,14
10/13/2014 14:12,1st Ave & Marion St,1402.638,,2014,10,4,14
10/13/2014 14:13,REI / Yale Ave N & John St,1580.701,,2014,10,4,14
10/13/2014 14:14,E Harrison St & Broadway Ave E,146.367,,2014,10,4,14
10/13/2014 14:14,REI / Yale Ave N & John St,1548.516,,2014,10,4,14
10/13/2014 14:15,6th Ave S & S King St,2857.039,,2014,10,4,14
10/13/2014 14:16,Cal Anderson Park / 11th Ave & Pine St,2611.92,,2014,10,4,14
10/13/2014 14:16,Seattle Aquarium / Alaskan Way S & Elliott Bay Trail,3151.168,,2014,10,4,14
10/13/2014 14:17,12th Ave & E Mercer St,228.691,,2014,10,4,14
10/13/2014 14:18,12th Ave & NE Campus Pkwy,403.445,,2014,10,4,14
10/13/2014 14:18,7th Ave & Union St,970.064,,2014,10,4,14
10/13/2014 14:18,E Harrison St & Broadway Ave E,1727.659,,2014,10,4,14
10/13/2014 14:20,1st Ave & Marion St,813.073,,2014,10,4,14
10/13/2014 14:20,6th Ave & Blanchard St,632.044,,2014,10,4,14
10/13/2014 14:21,UW Engineering Library / E Stevens Way NE & Jefferson Rd,301.79,,2014,10,4,14
10/13/2014 14:23,Harvard Ave & E Pine St,328.193,,2014,10,4,14
10/13/2014 14:24,6th Ave S & S King St,2965.533,,2014,10,4,14
10/13/2014 14:24,Occidental Park / Occidental Ave S & S Washington St,2356.827,,2014,10,4,14
10/13/2014 14:25,Occidental Park / Occidental Ave S & S Washington St,1402.685,,2014,10,4,14
10/13/2014 14:26,E Harrison St & Broadway Ave E,245.043,,2014,10,4,14
10/13/2014 14:28,Burke-Gilman Trail / NE Blakeley St & 24th Ave NE,1279.565,,2014,10,4,14
10/13/2014 14:32,E Harrison St & Broadway Ave E,2848.549,,2014,10,4,14
10/13/2014 14:32,Westlake Ave & 6th Ave,466.267,,2014,10,4,14
10/13/2014 14:33,Burke-Gilman Trail / NE Blakeley St & 24th Ave NE,960.969,,2014,10,4,14
10/13/2014 14:33,Dexter Ave N & Aloha St,390.948,,2014,10,4,14
10/13/2014 14:47,NE 42nd St & University Way NE,516.741,,2014,10,4,14
10/13/2014 14:49,12th Ave & NE Campus Pkwy,671.897,,2014,10,4,14
10/13/2014 14:49,15th Ave NE & NE 40th St,706.313,,2014,10,4,14
10/13/2014 14:49,2nd Ave & Spring St,865.567,,2014,10,4,14
10/13/2014 14:50,2nd Ave & Spring St,729.484,,2014,10,4,14
10/13/2014 14:51,Occidental Park / Occidental Ave S & S Washington St,1084.156,,2014,10,4,14
10/13/2014 14:53,Lake Union Park / Valley St & Boren Ave N,999.063,,2014,10,4,14
10/13/2014 14:54,NE 42nd St & University Way NE,11144.159,,2014,10,4,14
10/13/2014 14:56,Occidental Park / Occidental Ave S & S Washington St,371.074,,2014,10,4,14
10/13/2014 14:57,15th Ave E & E Thomas St,1000.4,,2014,10,4,14
10/13/2014 14:58,City Hall / 4th Ave & James St,728.841,,2014,10,4,14
10/13/2014 15:01,Children's Hospital / Sandpoint Way NE & 40th Ave NE,897.557,,2014,10,4,15
10/13/2014 15:03,2nd Ave & Pine St,504.48,,2014,10,4,15
10/13/2014 15:03,Fred Hutchinson Cancer Research Center / Fairview Ave N & Ward St,486.016,,2014,10,4,15
10/13/2014 15:05,Eastlake Ave E & E Allison St,1078.028,,2014,10,4,15
10/13/2014 15:06,Eastlake Ave E & E Allison St,1052.859,,2014,10,4,15
10/13/2014 15:07,King Street Station Plaza / 2nd Ave Extension S & S Jackson St,1063.334,,2014,10,4,15
10/13/2014 15:14,Seattle Aquarium / Alaskan Way S & Elliott Bay Trail,2337.228,,2014,10,4,15
10/13/2014 15:16,NE 42nd St & University Way NE,1820.789,,2014,10,4,15
10/13/2014 15:17,15th Ave E & E Thomas St,208.896,,2014,10,4,15
10/13/2014 15:18,Lake Union Park / Valley St & Boren Ave N,2094.997,,2014,10,4,15
10/13/2014 15:19,Seattle Aquarium / Alaskan Way S & Elliott Bay Trail,2261.1,,2014,10,4,15
10/13/2014 15:21,2nd Ave & Spring St,371.906,,2014,10,4,15
10/13/2014 15:21,Burke-Gilman Trail / NE Blakeley St & 24th Ave NE,6903.507,,2014,10,4,15
10/13/2014 15:24,E Pine St & 16th Ave,722.515,,2014,10,4,15
10/13/2014 15:25,1st Ave & Marion St,1491.997,,2014,10,4,15
10/13/2014 15:33,12th Ave & E Denny Way,910.379,,2014,10,4,15
10/13/2014 15:34,Republican St & Westlake Ave N,174.854,,2014,10,4,15
10/13/2014 15:36,6th Ave S & S King St,699.397,,2014,10,4,15
10/13/2014 15:37,UW Intramural Activities Building,1378.525,,2014,10,4,15
10/13/2014 15:39,3rd Ave & Broad St,1126.426,,2014,10,4,15
10/13/2014 15:42,King Street Station Plaza / 2nd Ave Extension S & S Jackson St,1049.097,,2014,10,4,15
10/13/2014 15:46,1st Ave & Marion St,1140.84,,2014,10,4,15
10/13/2014 15:50,REI / Yale Ave N & John St,1127.856,,2014,10,4,15
10/13/2014 15:51,Occidental Park / Occidental Ave S & S Washington St,976.277,,2014,10,4,15
10/13/2014 15:52,Harvard Ave & E Pine St,266.759,,2014,10,4,15
10/13/2014 15:54,6th Ave S & S King St,375.865,,2014,10,4,15
10/13/2014 15:56,Lake Union Park / Valley St & Boren Ave N,5488.466,,2014,10,4,15
10/13/2014 15:57,3rd Ave & Broad St,1529.71,,2014,10,4,15
10/13/2014 15:57,Lake Union Park / Valley St & Boren Ave N,1488.38,,2014,10,4,15
10/13/2014 15:58,7th Ave & Union St,409.011,,2014,10,4,15
10/13/2014 16:01,2nd Ave & Vine St,253.262,,2014,10,4,16
10/13/2014 16:02,Frye Art Museum / Terry Ave & Columbia St,657.159,,2014,10,4,16
10/13/2014 16:04,Westlake Ave & 6th Ave,935.79,,2014,10,4,16
10/13/2014 16:05,6th Ave & Blanchard St,328.987,,2014,10,4,16
10/13/2014 16:06,Occidental Park / Occidental Ave S & S Washington St,546.851,,2014,10,4,16
10/13/2014 16:07,E Harrison St & Broadway Ave E,477.08,,2014,10,4,16
10/13/2014 16:13,Seattle Aquarium / Alaskan Way S & Elliott Bay Trail,1031.294,,2014,10,4,16
10/13/2014 16:14,6th Ave S & S King St,324.587,,2014,10,4,16
10/13/2014 16:15,Occidental Park / Occidental Ave S & S Washington St,1305.101,,2014,10,4,16
10/13/2014 16:16,NE 42nd St & University Way NE,3681.696,,2014,10,4,16
10/13/2014 16:18,Cal Anderson Park / 11th Ave & Pine St,257.52,,2014,10,4,16
10/13/2014 16:19,12th Ave & E Mercer St,141.543,,2014,10,4,16
10/13/2014 16:19,Westlake Ave & 6th Ave,294.633,,2014,10,4,16
10/13/2014 16:20,King Street Station Plaza / 2nd Ave Extension S & S Jackson St,2069.345,,2014,10,4,16
10/13/2014 16:20,Republican St & Westlake Ave N,1319.77,,2014,10,4,16
10/13/2014 16:23,15th Ave E & E Thomas St,1485.495,,2014,10,4,16
10/13/2014 16:23,2nd Ave & Pine St,569.158,,2014,10,4,16
10/13/2014 16:25,15th Ave E & E Thomas St,2711.086,,2014,10,4,16
10/13/2014 16:27,1st Ave & Marion St,828.779,,2014,10,4,16
10/13/2014 16:28,12th Ave & E Denny Way,298.867,,2014,10,4,16
10/13/2014 16:29,E Harrison St & Broadway Ave E,226.057,,2014,10,4,16
10/13/2014 16:31,Occidental Park / Occidental Ave S & S Washington St,475.919,,2014,10,4,16
10/13/2014 16:31,Summit Ave & E Denny Way,692.157,,2014,10,4,16
10/13/2014 16:34,1st Ave & Marion St,2002.142,,2014,10,4,16
10/13/2014 16:35,6th Ave & Blanchard St,601.143,,2014,10,4,16
10/13/2014 16:44,12th Ave & NE Campus Pkwy,227.939,,2014,10,4,16
10/13/2014 16:44,2nd Ave & Vine St,355.082,,2014,10,4,16
10/13/2014 16:45,Cal Anderson Park / 11th Ave & Pine St,793.824,,2014,10,4,16
10/13/2014 16:47,King Street Station Plaza / 2nd Ave Extension S & S Jackson St,1421.257,,2014,10,4,16
10/13/2014 16:49,E Harrison St & Broadway Ave E,306.258,,2014,10,4,16
10/13/2014 16:49,Seattle Aquarium / Alaskan Way S & Elliott Bay Trail,1505.478,,2014,10,4,16
10/13/2014 16:50,Seattle Aquarium / Alaskan Way S & Elliott Bay Trail,1439.702,,2014,10,4,16
10/13/2014 16:51,2nd Ave & Spring St,683.301,,2014,10,4,16
10/13/2014 16:51,Seattle Aquarium / Alaskan Way S & Elliott Bay Trail,1352.871,,2014,10,4,16
10/13/2014 16:52,City Hall / 4th Ave & James St,924.719,,2014,10,4,16
10/13/2014 16:52,Seattle Aquarium / Alaskan Way S & Elliott Bay Trail,1316.004,,2014,10,4,16
10/13/2014 16:55,1st Ave & Marion St,1429.015,,2014,10,4,16
10/13/2014 16:56,UW Engineering Library / E Stevens Way NE & Jefferson Rd,321.474,,2014,10,4,16
10/13/2014 16:57,Republican St & Westlake Ave N,943.379,,2014,10,4,16
10/13/2014 16:58,1st Ave & Marion St,1121.833,,2014,10,4,16
10/13/2014 16:58,2nd Ave & Pine St,1212.69,,2014,10,4,16
10/13/2014 16:58,7th Ave & Union St,738.729,,2014,10,4,16
10/13/2014 16:59,12th Ave & E Denny Way,1228.31,,2014,10,4,16
10/13/2014 17:00,12th Ave & E Denny Way,2310.439,,2014,10,4,17
10/13/2014 17:01,Key Arena / 1st Ave N & Harrison St,875.828,,2014,10,4,17
10/13/2014 17:03,NE 47th St & 12th Ave NE,241.217,,2014,10,4,17
10/13/2014 17:05,3rd Ave & Broad St,1830.898,,2014,10,4,17
10/13/2014 17:06,7th Ave & Union St,807.448,,2014,10,4,17
10/13/2014 17:06,Westlake Ave & 6th Ave,720.534,,2014,10,4,17
10/13/2014 17:09,E Harrison St & Broadway Ave E,364.581,,2014,10,4,17
10/13/2014 17:09,Westlake Ave & 6th Ave,342.91,,2014,10,4,17
10/13/2014 17:10,Republican St & Westlake Ave N,1038.14,,2014,10,4,17
10/13/2014 17:15,9th Ave N & Mercer St,318.624,,2014,10,4,17
10/13/2014 17:16,Summit Ave E & E Republican St,528.405,,2014,10,4,17
10/13/2014 17:17,Republican St & Westlake Ave N,403.315,,2014,10,4,17
10/13/2014 17:17,Westlake Ave & 6th Ave,889.209,,2014,10,4,17
10/13/2014 17:19,2nd Ave & Spring St,678.623,,2014,10,4,17
10/13/2014 17:23,Cal Anderson Park / 11th Ave & Pine St,404.16,,2014,10,4,17
10/13/2014 17:25,Republican St & Westlake Ave N,872.236,,2014,10,4,17
10/13/2014 17:27,Dexter Ave N & Aloha St,936.527,,2014,10,4,17
10/13/2014 17:28,Pier 69 / Alaskan Way & Clay St,2866.529,,2014,10,4,17
10/13/2014 17:29,E Pine St & 16th Ave,180.845,,2014,10,4,17
10/13/2014 17:30,1st Ave & Marion St,2361.881,,2014,10,4,17
10/13/2014 17:30,Pier 69 / Alaskan Way & Clay St,2619.086,,2014,10,4,17
10/13/2014 17:31,1st Ave & Marion St,1327.993,,2014,10,4,17
10/13/2014 17:32,Key Arena / 1st Ave N & Harrison St,890.239,,2014,10,4,17
10/13/2014 17:32,Lake Union Park / Valley St & Boren Ave N,1767.212,,2014,10,4,17
10/13/2014 17:35,Pier 69 / Alaskan Way & Clay St,791.359,,2014,10,4,17
10/13/2014 17:36,3rd Ave & Broad St,884.403,,2014,10,4,17
10/13/2014 17:36,6th Ave S & S King St,1293.881,,2014,10,4,17
10/13/2014 17:36,REI / Yale Ave N & John St,1122.812,,2014,10,4,17
10/13/2014 17:38,Cal Anderson Park / 11th Ave & Pine St,376.212,,2014,10,4,17
10/13/2014 17:38,REI / Yale Ave N & John St,986.161,,2014,10,4,17
10/13/2014 17:39,Westlake Ave & 6th Ave,569.677,,2014,10,4,17
10/13/2014 17:40,15th Ave E & E Thomas St,732.172,,2014,10,4,17
10/13/2014 17:40,UW Magnuson Health Sciences Center Rotunda / Columbia Rd & San Juan Rd,1589.889,,2014,10,4,17
10/13/2014 17:43,Republican St & Westlake Ave N,945.584,,2014,10,4,17
10/13/2014 17:44,E Harrison St & Broadway Ave E,274.523,,2014,10,4,17
10/13/2014 17:51,Bellevue Ave & E Pine St,612.558,,2014,10,4,17
10/13/2014 17:51,Westlake Ave & 6th Ave,524.716,,2014,10,4,17
10/13/2014 17:52,Cal Anderson Park / 11th Ave & Pine St,532.05,,2014,10,4,17
10/13/2014 17:52,Dexter Ave & Denny Way,1158.651,,2014,10,4,17
10/13/2014 17:57,1st Ave & Marion St,1263.473,,2014,10,4,17
10/13/2014 17:57,6th Ave & Blanchard St,372.303,,2014,10,4,17
10/13/2014 17:58,15th Ave E & E Thomas St,294.11,,2014,10,4,17
10/13/2014 17:58,Frye Art Museum / Terry Ave & Columbia St,5372.473,,2014,10,4,17
10/13/2014 18:00,3rd Ave & Broad St,1630.646,,2014,10,4,18
10/13/2014 18:01,3rd Ave & Broad St,1577.461,,2014,10,4,18
10/13/2014 18:02,3rd Ave & Broad St,1514.813,,2014,10,4,18
10/13/2014 18:02,7th Ave & Union St,318.057,,2014,10,4,18
10/13/2014 18:06,Frye Art Museum / Terry Ave & Columbia St,743.382,,2014,10,4,18
10/13/2014 18:07,2nd Ave & Pine St,244.533,,2014,10,4,18
10/13/2014 18:07,3rd Ave & Broad St,1238.784,,2014,10,4,18
10/13/2014 18:07,6th Ave & Blanchard St,488.345,,2014,10,4,18
10/13/2014 18:07,Seattle Aquarium / Alaskan Way S & Elliott Bay Trail,78.547,,2014,10,4,18
10/13/2014 18:08,E Harrison St & Broadway Ave E,286.1,,2014,10,4,18
10/13/2014 18:08,Occidental Park / Occidental Ave S & S Washington St,511.115,,2014,10,4,18
10/13/2014 18:09,15th Ave E & E Thomas St,192.409,,2014,10,4,18
10/13/2014 18:14,Westlake Ave & 6th Ave,1217.519,,2014,10,4,18
10/13/2014 18:15,7th Ave & Union St,270.787,,2014,10,4,18
10/13/2014 18:18,12th Ave & E Mercer St,747.404,,2014,10,4,18
10/13/2014 18:18,E Pine St & 16th Ave,1018.579,,2014,10,4,18
10/13/2014 18:19,15th Ave NE & NE 40th St,743.509,,2014,10,4,18
10/13/2014 18:19,2nd Ave & Spring St,558.026,,2014,10,4,18
10/13/2014 18:19,E Blaine St & Fairview Ave E,627.359,,2014,10,4,18
10/13/2014 18:21,Children's Hospital / Sandpoint Way NE & 40th Ave NE,1332.856,,2014,10,4,18
10/13/2014 18:22,Occidental Park / Occidental Ave S & S Washington St,566.811,,2014,10,4,18
10/13/2014 18:24,2nd Ave & Spring St,1204.93,,2014,10,4,18
10/13/2014 18:24,Children's Hospital / Sandpoint Way NE & 40th Ave NE,1247.086,,2014,10,4,18
10/13/2014 18:28,Harvard Ave & E Pine St,323.216,,2014,10,4,18
10/13/2014 18:31,Key Arena / 1st Ave N & Harrison St,908.417,,2014,10,4,18
10/13/2014 18:32,Cal Anderson Park / 11th Ave & Pine St,387.44,,2014,10,4,18
10/13/2014 18:32,Key Arena / 1st Ave N & Harrison St,864.301,,2014,10,4,18
10/13/2014 18:33,Key Arena / 1st Ave N & Harrison St,812.317,,2014,10,4,18
10/13/2014 18:33,Summit Ave & E Denny Way,301.087,,2014,10,4,18
10/13/2014 18:34,Key Arena / 1st Ave N & Harrison St,755.816,,2014,10,4,18
10/13/2014 18:36,7th Ave & Union St,837.468,,2014,10,4,18
10/13/2014 18:36,Dexter Ave & Denny Way,756.585,,2014,10,4,18
10/13/2014 18:36,E Blaine St & Fairview Ave E,2173.558,,2014,10,4,18
10/13/2014 18:38,Seattle Aquarium / Alaskan Way S & Elliott Bay Trail,1942.225,,2014,10,4,18
10/13/2014 18:41,7th Ave & Union St,3939.462,,2014,10,4,18
10/13/2014 18:43,7th Ave & Union St,3882.176,,2014,10,4,18
10/13/2014 18:44,Seattle University / E Columbia St & 12th Ave,517.315,,2014,10,4,18
10/13/2014 18:47,2nd Ave & Vine St,406.135,,2014,10,4,18
10/13/2014 18:47,UW Intramural Activities Building,1068.249,,2014,10,4,18
10/13/2014 18:48,UW Intramural Activities Building,1018.453,,2014,10,4,18
10/13/2014 19:11,PATH / 9th Ave & Westlake Ave,479.739,,2014,10,4,19
10/13/2014 19:14,Pier 69 / Alaskan Way & Clay St,1992.021,,2014,10,4,19
10/13/2014 19:26,REI / Yale Ave N & John St,1224.466,,2014,10,4,19
10/13/2014 19:28,Seattle University / E Columbia St & 12th Ave,653.949,,2014,10,4,19
10/13/2014 19:31,12th Ave & NE Campus Pkwy,468.738,,2014,10,4,19
10/13/2014 19:35,Frye Art Museum / Terry Ave & Columbia St,719.09,,2014,10,4,19
10/13/2014 19:38,E Pine St & 16th Ave,521.566,,2014,10,4,19
10/13/2014 19:41,15th Ave NE & NE 40th St,907.502,,2014,10,4,19
10/13/2014 19:41,Cal Anderson Park / 11th Ave & Pine St,228.725,,2014,10,4,19
10/13/2014 19:48,E Pine St & 16th Ave,1418.412,,2014,10,4,19
10/13/2014 19:51,Occidental Park / Occidental Ave S & S Washington St,2829.425,,2014,10,4,19
10/13/2014 20:02,Harvard Ave & E Pine St,389.422,,2014,10,4,20
10/13/2014 20:03,2nd Ave & Pine St,1167.243,,2014,10,4,20
10/13/2014 20:08,Summit Ave & E Denny Way,656.198,,2014,10,4,20
10/13/2014 20:09,7th Ave & Union St,1144.498,,2014,10,4,20
10/13/2014 20:25,Bellevue Ave & E Pine St,433.56,,2014,10,4,20
10/13/2014 20:29,Frye Art Museum / Terry Ave & Columbia St,1422.327,,2014,10,4,20
10/13/2014 20:29,UW Engineering Library / E Stevens Way NE & Jefferson Rd,3302.954,,2014,10,4,20
10/13/2014 20:31,REI / Yale Ave N & John St,419.888,,2014,10,4,20
10/13/2014 20:38,2nd Ave & Pine St,858.144,,2014,10,4,20
10/13/2014 20:41,E Harrison St & Broadway Ave E,981.334,,2014,10,4,20
10/13/2014 20:43,15th Ave E & E Thomas St,340.364,,2014,10,4,20
10/13/2014 20:57,Pine St & 9th Ave,1276.467,,2014,10,4,20
10/13/2014 21:04,Seattle University / E Columbia St & 12th Ave,1337.556,,2014,10,4,21
10/13/2014 21:06,15th Ave E & E Thomas St,311.645,,2014,10,4,21
10/13/2014 21:07,6th Ave & Blanchard St,831.546,,2014,10,4,21
10/13/2014 21:08,6th Ave & Blanchard St,770.657,,2014,10,4,21
10/13/2014 21:23,Dexter Ave N & Aloha St,319.511,,2014,10,4,21
10/13/2014 21:23,Seattle University / E Columbia St & 12th Ave,976.213,,2014,10,4,21
10/13/2014 21:37,6th Ave & Blanchard St,237.467,,2014,10,4,21
10/13/2014 21:43,REI / Yale Ave N & John St,643.101,,2014,10,4,21
10/13/2014 21:46,Fred Hutchinson Cancer Research Center / Fairview Ave N & Ward St,784.266,,2014,10,4,21
10/13/2014 21:53,E Pine St & 16th Ave,198.802,,2014,10,4,21
10/13/2014 22:03,12th Ave & E Denny Way,306.421,,2014,10,4,22
10/13/2014 22:03,12th Ave & E Mercer St,125.375,,2014,10,4,22
10/13/2014 22:13,UW Intramural Activities Building,494.43,,2014,10,4,22
10/13/2014 22:27,E Harrison St & Broadway Ave E,289.684,,2014,10,4,22
10/13/2014 23:03,Pine St & 9th Ave,863.9,,2014,10,4,23
10/13/2014 23:09,2nd Ave & Vine St,388.275,,2014,10,4,23
10/13/2014 23:12,7th Ave & Union St,27583.945,,2014,10,4,23
10/14/2014 5:40,E Harrison St & Broadway Ave E,993.063,,2014,10,4,5
10/14/2014 6:03,E Harrison St & Broadway Ave E,643.474,,2014,10,4,6
10/14/2014 6:30,Bellevue Ave & E Pine St,366.946,,2014,10,4,6
10/14/2014 6:33,Seattle Aquarium / Alaskan Way S & Elliott Bay Trail,490.627,,2014,10,4,6
10/14/2014 6:40,2nd Ave & Blanchard St,574.231,,2014,10,4,6
10/14/2014 6:46,2nd Ave & Vine St,267.489,,2014,10,4,6
10/14/2014 7:10,E Pine St & 16th Ave,655.575,,2014,10,4,7
10/14/2014 7:21,Summit Ave & E Denny Way,412.532,,2014,10,4,7
10/14/2014 7:22,Summit Ave E & E Republican St,380.357,,2014,10,4,7
10/14/2014 7:23,E Harrison St & Broadway Ave E,1433.838,,2014,10,4,7
10/14/2014 7:25,Pine St & 9th Ave,522.243,,2014,10,4,7
10/14/2014 7:26,Burke Museum / E Stevens Way NE & Memorial Way NE,812.753,,2014,10,4,7
10/14/2014 7:31,E Harrison St & Broadway Ave E,1128.947,,2014,10,4,7
10/14/2014 7:35,1st Ave & Marion St,898.727,,2014,10,4,7
10/14/2014 7:36,2nd Ave & Pine St,727.249,,2014,10,4,7
10/14/2014 7:37,E Blaine St & Fairview Ave E,493.228,,2014,10,4,7
10/14/2014 7:39,2nd Ave & Blanchard St,552.649,,2014,10,4,7
10/14/2014 7:41,Dexter Ave N & Aloha St,981.569,,2014,10,4,7
10/14/2014 7:42,Summit Ave E & E Republican St,1110.941,,2014,10,4,7
10/14/2014 7:43,Westlake Ave & 6th Ave,435.742,,2014,10,4,7
10/14/2014 7:47,12th Ave & E Mercer St,476.163,,2014,10,4,7
10/14/2014 7:51,E Pine St & 16th Ave,839.236,,2014,10,4,7
10/14/2014 7:51,Republican St & Westlake Ave N,586.486,,2014,10,4,7
10/14/2014 7:56,REI / Yale Ave N & John St,1307.757,,2014,10,4,7
10/14/2014 7:57,1st Ave & Marion St,380.727,,2014,10,4,7
10/14/2014 7:58,Summit Ave E & E Republican St,1450.812,,2014,10,4,7
10/14/2014 8:01,Summit Ave & E Denny Way,308.456,,2014,10,4,8
10/14/2014 8:02,2nd Ave & Spring St,393.42,,2014,10,4,8
10/14/2014 8:03,2nd Ave & Vine St,536.944,,2014,10,4,8
10/14/2014 8:03,Bellevue Ave & E Pine St,467.128,,2014,10,4,8
10/14/2014 8:03,E Harrison St & Broadway Ave E,768.933,,2014,10,4,8
10/14/2014 8:04,2nd Ave & Pine St,310.001,,2014,10,4,8
10/14/2014 8:05,3rd Ave & Broad St,541.046,,2014,10,4,8
10/14/2014 8:07,Summit Ave & E Denny Way,698.756,,2014,10,4,8
10/14/2014 8:09,15th Ave E & E Thomas St,1695.674,,2014,10,4,8
10/14/2014 8:10,Dexter Ave & Denny Way,582.461,,2014,10,4,8
10/14/2014 8:13,Eastlake Ave E & E Allison St,7097.829,,2014,10,4,8
10/14/2014 8:14,Pine St & 9th Ave,187.818,,2014,10,4,8
10/14/2014 8:16,12th Ave & E Denny Way,798.139,,2014,10,4,8
10/14/2014 8:19,15th Ave E & E Thomas St,419.179,,2014,10,4,8
10/14/2014 8:21,Bellevue Ave & E Pine St,578.225,,2014,10,4,8
10/14/2014 8:22,Summit Ave E & E Republican St,1152.196,,2014,10,4,8
10/14/2014 8:23,2nd Ave & Vine St,517.54,,2014,10,4,8
10/14/2014 8:24,PATH / 9th Ave & Westlake Ave,544.001,,2014,10,4,8
10/14/2014 8:25,Frye Art Museum / Terry Ave & Columbia St,454.262,,2014,10,4,8
10/14/2014 8:26,Eastlake Ave E & E Allison St,718.842,,2014,10,4,8
10/14/2014 8:32,Dexter Ave N & Aloha St,421.635,,2014,10,4,8
10/14/2014 8:32,Key Arena / 1st Ave N & Harrison St,703.387,,2014,10,4,8
10/14/2014 8:33,12th Ave & E Mercer St,1306.525,,2014,10,4,8
10/14/2014 8:36,Seattle University / E Columbia St & 12th Ave,604.676,,2014,10,4,8
10/14/2014 8:38,Occidental Park / Occidental Ave S & S Washington St,469.106,,2014,10,4,8
10/14/2014 8:39,Bellevue Ave & E Pine St,488.363,,2014,10,4,8
10/14/2014 8:44,15th Ave NE & NE 40th St,957.346,,2014,10,4,8
10/14/2014 8:45,Dexter Ave N & Aloha St,1737.514,,2014,10,4,8
10/14/2014 8:46,Occidental Park / Occidental Ave S & S Washington St,234.276,,2014,10,4,8
10/14/2014 8:48,E Pine St & 16th Ave,661.882,,2014,10,4,8
10/14/2014 8:50,Harvard Ave & E Pine St,237.216,,2014,10,4,8
10/14/2014 8:51,12th Ave & E Mercer St,1594.753,,2014,10,4,8
10/14/2014 8:52,NE 47th St & 12th Ave NE,2076.617,,2014,10,4,8
10/14/2014 8:54,3rd Ave & Broad St,615.332,,2014,10,4,8
10/14/2014 8:56,3rd Ave & Broad St,394.933,,2014,10,4,8
10/14/2014 9:01,15th Ave E & E Thomas St,1044.081,,2014,10,4,9
10/14/2014 9:01,E Harrison St & Broadway Ave E,567.94,,2014,10,4,9
10/14/2014 9:02,King Street Station Plaza / 2nd Ave Extension S & S Jackson St,942.871,,2014,10,4,9
10/14/2014 9:12,Pier 69 / Alaskan Way & Clay St,14885.176,,2014,10,4,9
10/14/2014 9:14,REI / Yale Ave N & John St,685.128,,2014,10,4,9
10/14/2014 9:16,15th Ave NE & NE 40th St,219.437,,2014,10,4,9
10/14/2014 9:17,City Hall / 4th Ave & James St,787.323,,2014,10,4,9
10/14/2014 9:21,6th Ave S & S King St,984.56,,2014,10,4,9
10/14/2014 9:21,Cal Anderson Park / 11th Ave & Pine St,678.788,,2014,10,4,9
10/14/2014 9:22,E Harrison St & Broadway Ave E,922.638,,2014,10,4,9
10/14/2014 9:26,Seattle University / E Columbia St & 12th Ave,924.884,,2014,10,4,9
10/14/2014 9:29,6th Ave S & S King St,649.889,,2014,10,4,9
10/14/2014 9:29,Frye Art Museum / Terry Ave & Columbia St,667.056,,2014,10,4,9
10/14/2014 9:29,REI / Yale Ave N & John St,971.45,,2014,10,4,9
10/14/2014 9:37,Pine St & 9th Ave,4541.954,,2014,10,4,9
10/14/2014 9:38,Eastlake Ave E & E Allison St,386.168,,2014,10,4,9
10/14/2014 9:42,Cal Anderson Park / 11th Ave & Pine St,695.834,,2014,10,4,9
10/14/2014 9:43,REI / Yale Ave N & John St,8191.123,,2014,10,4,9
10/14/2014 9:48,Cal Anderson Park / 11th Ave & Pine St,305.424,,2014,10,4,9
10/14/2014 9:50,E Blaine St & Fairview Ave E,552.395,,2014,10,4,9
10/14/2014 9:51,Key Arena / 1st Ave N & Harrison St,1161.115,,2014,10,4,9
10/14/2014 9:52,Summit Ave E & E Republican St,773.848,,2014,10,4,9
10/14/2014 9:53,7th Ave & Union St,473.225,,2014,10,4,9
10/14/2014 9:58,Cal Anderson Park / 11th Ave & Pine St,594.524,,2014,10,4,9
10/14/2014 10:01,Cal Anderson Park / 11th Ave & Pine St,475.102,,2014,10,4,10
10/14/2014 10:01,Westlake Ave & 6th Ave,1567.53,,2014,10,4,10
10/14/2014 10:03,12th Ave & NE Campus Pkwy,318.344,,2014,10,4,10
10/14/2014 10:06,Dexter Ave N & Aloha St,651.241,,2014,10,4,10
10/14/2014 10:07,6th Ave & Blanchard St,224.859,,2014,10,4,10
10/14/2014 10:07,Summit Ave & E Denny Way,2734.426,,2014,10,4,10
10/14/2014 10:08,12th Ave & E Denny Way,897.628,,2014,10,4,10
10/14/2014 10:12,Frye Art Museum / Terry Ave & Columbia St,752.746,,2014,10,4,10
10/14/2014 10:27,Occidental Park / Occidental Ave S & S Washington St,454.284,,2014,10,4,10
10/14/2014 10:39,Seattle Aquarium / Alaskan Way S & Elliott Bay Trail,788.506,,2014,10,4,10
10/14/2014 10:40,Cal Anderson Park / 11th Ave & Pine St,660.165,,2014,10,4,10
10/14/2014 10:40,Seattle Aquarium / Alaskan Way S & Elliott Bay Trail,790.567,,2014,10,4,10
10/14/2014 10:41,Seattle Aquarium / Alaskan Way S & Elliott Bay Trail,674.164,,2014,10,4,10
10/14/2014 10:42,City Hall / 4th Ave & James St,390.428,,2014,10,4,10
10/14/2014 10:49,E Pine St & 16th Ave,23346.911,,2014,10,4,10
10/14/2014 10:55,2nd Ave & Blanchard St,359.295,,2014,10,4,10
10/14/2014 10:59,King Street Station Plaza / 2nd Ave Extension S & S Jackson St,474.228,,2014,10,4,10
10/14/2014 10:59,Pier 69 / Alaskan Way & Clay St,119.873,,2014,10,4,10
10/14/2014 11:04,Summit Ave E & E Republican St,1368.785,,2014,10,4,11
10/14/2014 11:05,Cal Anderson Park / 11th Ave & Pine St,1179.35,,2014,10,4,11
10/14/2014 11:05,Pier 69 / Alaskan Way & Clay St,946.452,,2014,10,4,11
10/14/2014 11:08,7th Ave & Union St,544.885,,2014,10,4,11
10/14/2014 11:08,Frye Art Museum / Terry Ave & Columbia St,590.908,,2014,10,4,11
10/14/2014 11:11,City Hall / 4th Ave & James St,425.932,,2014,10,4,11
10/14/2014 11:12,2nd Ave & Pine St,515.13,,2014,10,4,11
10/14/2014 11:13,Cal Anderson Park / 11th Ave & Pine St,844.2,,2014,10,4,11
10/14/2014 11:17,3rd Ave & Broad St,1158.237,,2014,10,4,11
10/14/2014 11:22,7th Ave & Union St,656.138,,2014,10,4,11
10/14/2014 11:23,King Street Station Plaza / 2nd Ave Extension S & S Jackson St,178.932,,2014,10,4,11
10/14/2014 11:24,Seattle University / E Columbia St & 12th Ave,657.295,,2014,10,4,11
10/14/2014 11:30,Dexter Ave N & Aloha St,2753.141,,2014,10,4,11
10/14/2014 11:31,Dexter Ave N & Aloha St,2709.499,,2014,10,4,11
10/14/2014 11:34,Pine St & 9th Ave,270.758,,2014,10,4,11
10/14/2014 11:35,Pier 69 / Alaskan Way & Clay St,933.746,,2014,10,4,11
10/14/2014 11:36,Pier 69 / Alaskan Way & Clay St,380.431,,2014,10,4,11
10/14/2014 11:37,Pine St & 9th Ave,997.805,,2014,10,4,11
10/14/2014 11:38,Pine St & 9th Ave,934.401,,2014,10,4,11
10/14/2014 11:39,Pine St & 9th Ave,889.564,,2014,10,4,11
10/14/2014 11:40,Pine St & 9th Ave,820.391,,2014,10,4,11
10/14/2014 11:43,Bellevue Ave & E Pine St,326.341,,2014,10,4,11
10/14/2014 11:47,City Hall / 4th Ave & James St,462.086,,2014,10,4,11
10/14/2014 11:47,Pine St & 9th Ave,494.603,,2014,10,4,11
10/14/2014 11:48,NE 42nd St & University Way NE,565.328,,2014,10,4,11
10/14/2014 11:51,Dexter Ave & Denny Way,353.476,,2014,10,4,11
10/14/2014 11:52,REI / Yale Ave N & John St,607.224,,2014,10,4,11
10/14/2014 11:53,Westlake Ave & 6th Ave,945.236,,2014,10,4,11
10/14/2014 11:54,2nd Ave & Spring St,993.759,,2014,10,4,11
10/14/2014 11:55,Lake Union Park / Valley St & Boren Ave N,16284.545,,2014,10,4,11
10/14/2014 11:56,Occidental Park / Occidental Ave S & S Washington St,131.658,,2014,10,4,11
10/14/2014 11:56,PATH / 9th Ave & Westlake Ave,1851.568,,2014,10,4,11
10/14/2014 11:58,Bellevue Ave & E Pine St,761.147,,2014,10,4,11
10/14/2014 11:59,Dexter Ave & Denny Way,1582.398,,2014,10,4,11
10/14/2014 11:59,Occidental Park / Occidental Ave S & S Washington St,71.368,,2014,10,4,11
10/14/2014 12:00,Bellevue Ave & E Pine St,664.604,,2014,10,4,12
10/14/2014 12:00,Seattle Aquarium / Alaskan Way S & Elliott Bay Trail,806.313,,2014,10,4,12
10/14/2014 12:01,City Hall / 4th Ave & James St,1193.084,,2014,10,4,12
10/14/2014 12:02,Occidental Park / Occidental Ave S & S Washington St,482.657,,2014,10,4,12
10/14/2014 12:04,King Street Station Plaza / 2nd Ave Extension S & S Jackson St,429.042,,2014,10,4,12
10/14/2014 12:05,King Street Station Plaza / 2nd Ave Extension S & S Jackson St,762.736,,2014,10,4,12
10/14/2014 12:10,Dexter Ave & Denny Way,4696.569,,2014,10,4,12
10/14/2014 12:10,Key Arena / 1st Ave N & Harrison St,670.945,,2014,10,4,12
10/14/2014 12:13,9th Ave N & Mercer St,465.221,,2014,10,4,12
10/14/2014 12:13,Harvard Ave & E Pine St,3876.818,,2014,10,4,12
10/14/2014 12:17,3rd Ave & Broad St,531.817,,2014,10,4,12
10/14/2014 12:21,6th Ave & Blanchard St,1430.373,,2014,10,4,12
10/14/2014 12:22,REI / Yale Ave N & John St,395.626,,2014,10,4,12
10/14/2014 12:25,Westlake Ave & 6th Ave,546.079,,2014,10,4,12
10/14/2014 12:27,Seattle Aquarium / Alaskan Way S & Elliott Bay Trail,557.197,,2014,10,4,12
10/14/2014 12:28,1st Ave & Marion St,598.753,,2014,10,4,12
10/14/2014 12:28,PATH / 9th Ave & Westlake Ave,1601.47,,2014,10,4,12
10/14/2014 12:29,PATH / 9th Ave & Westlake Ave,1524.527,,2014,10,4,12
10/14/2014 12:30,Harvard Ave & E Pine St,326.474,,2014,10,4,12
10/14/2014 12:31,15th Ave NE & NE 40th St,140.006,,2014,10,4,12
10/14/2014 12:31,2nd Ave & Spring St,618.74,,2014,10,4,12
10/14/2014 12:35,City Hall / 4th Ave & James St,814.77,,2014,10,4,12
10/14/2014 12:35,REI / Yale Ave N & John St,668.329,,2014,10,4,12
10/14/2014 12:36,E Blaine St & Fairview Ave E,1958.384,,2014,10,4,12
10/14/2014 12:38,REI / Yale Ave N & John St,121.297,,2014,10,4,12
10/14/2014 12:40,2nd Ave & Blanchard St,238.148,,2014,10,4,12
10/14/2014 12:42,1st Ave & Marion St,1628.644,,2014,10,4,12
10/14/2014 12:45,Occidental Park / Occidental Ave S & S Washington St,452.836,,2014,10,4,12
10/14/2014 12:46,2nd Ave & Pine St,531.982,,2014,10,4,12
10/14/2014 12:49,Dexter Ave & Denny Way,317.004,,2014,10,4,12
10/14/2014 12:49,Key Arena / 1st Ave N & Harrison St,527.017,,2014,10,4,12
10/14/2014 12:49,Republican St & Westlake Ave N,549.157,,2014,10,4,12
10/14/2014 12:50,6th Ave & Blanchard St,253.777,,2014,10,4,12
10/14/2014 12:52,2nd Ave & Spring St,347.83,,2014,10,4,12
10/14/2014 12:54,2nd Ave & Spring St,940.385,,2014,10,4,12
10/14/2014 12:55,2nd Ave & Pine St,471.172,,2014,10,4,12
10/14/2014 12:58,2nd Ave & Pine St,1541.19,,2014,10,4,12
10/14/2014 12:59,2nd Ave & Pine St,694.205,,2014,10,4,12
10/14/2014 12:59,King Street Station Plaza / 2nd Ave Extension S & S Jackson St,3949.403,,2014,10,4,12
10/14/2014 12:59,Summit Ave & E Denny Way,160.987,,2014,10,4,12
10/14/2014 13:03,6th Ave & Blanchard St,397.728,,2014,10,4,13
10/14/2014 13:03,Bellevue Ave & E Pine St,1159.503,,2014,10,4,13
10/14/2014 13:03,Key Arena / 1st Ave N & Harrison St,1679.513,,2014,10,4,13
10/14/2014 13:04,6th Ave & Blanchard St,2748.364,,2014,10,4,13
10/14/2014 13:04,Burke-Gilman Trail / NE Blakeley St & 24th Ave NE,905.238,,2014,10,4,13
10/14/2014 13:06,6th Ave & Blanchard St,242.488,,2014,10,4,13
10/14/2014 13:07,12th Ave & NE Campus Pkwy,544.258,,2014,10,4,13
10/14/2014 13:07,Westlake Ave & 6th Ave,572.453,,2014,10,4,13
10/14/2014 13:10,Occidental Park / Occidental Ave S & S Washington St,528.582,,2014,10,4,13
10/14/2014 13:13,Dexter Ave & Denny Way,242.765,,2014,10,4,13
10/14/2014 13:13,Eastlake Ave E & E Allison St,820.327,,2014,10,4,13
10/14/2014 13:15,Dexter Ave & Denny Way,910.862,,2014,10,4,13
10/14/2014 13:16,2nd Ave & Blanchard St,416.705,,2014,10,4,13
10/14/2014 13:16,Dexter Ave & Denny Way,800.901,,2014,10,4,13
10/14/2014 13:17,UW Magnuson Health Sciences Center Rotunda / Columbia Rd & San Juan Rd,500.312,,2014,10,4,13
10/14/2014 13:18,Dexter Ave & Denny Way,736.551,,2014,10,4,13
10/14/2014 13:19,Dexter Ave & Denny Way,690.02,,2014,10,4,13
10/14/2014 13:20,2nd Ave & Spring St,773.337,,2014,10,4,13
10/14/2014 13:20,Dexter Ave & Denny Way,865.773,,2014,10,4,13
10/14/2014 13:21,Dexter Ave & Denny Way,232.28,,2014,10,4,13
10/14/2014 13:23,E Pine St & 16th Ave,908.671,,2014,10,4,13
10/14/2014 13:24,1st Ave & Marion St,571.099,,2014,10,4,13
10/14/2014 13:24,Harvard Ave & E Pine St,1102.919,,2014,10,4,13
10/14/2014 13:26,Dexter Ave & Denny Way,148.202,,2014,10,4,13
10/14/2014 13:31,King Street Station Plaza / 2nd Ave Extension S & S Jackson St,2651.947,,2014,10,4,13
10/14/2014 13:31,UW Engineering Library / E Stevens Way NE & Jefferson Rd,527.25,,2014,10,4,13
10/14/2014 13:32,Occidental Park / Occidental Ave S & S Washington St,513.319,,2014,10,4,13
10/14/2014 13:32,PATH / 9th Ave & Westlake Ave,655.496,,2014,10,4,13
10/14/2014 13:33,Lake Union Park / Valley St & Boren Ave N,440.852,,2014,10,4,13
10/14/2014 13:34,Dexter Ave & Denny Way,9297.772,,2014,10,4,13
10/14/2014 13:36,Dexter Ave & Denny Way,1023.684,,2014,10,4,13
10/14/2014 13:36,Republican St & Westlake Ave N,352.296,,2014,10,4,13
10/14/2014 13:36,Summit Ave E & E Republican St,1199.29,,2014,10,4,13
10/14/2014 13:37,9th Ave N & Mercer St,1061.355,,2014,10,4,13
10/14/2014 13:37,Dexter Ave & Denny Way,218.198,,2014,10,4,13
10/14/2014 13:38,Dexter Ave & Denny Way,906.844,,2014,10,4,13
10/14/2014 13:39,City Hall / 4th Ave & James St,684.822,,2014,10,4,13
10/14/2014 13:40,Eastlake Ave E & E Allison St,1761.067,,2014,10,4,13
10/14/2014 13:42,Dexter Ave & Denny Way,707.487,,2014,10,4,13
10/14/2014 13:42,Harvard Ave & E Pine St,69.939,,2014,10,4,13
10/14/2014 13:42,PATH / 9th Ave & Westlake Ave,140.408,,2014,10,4,13
10/14/2014 13:44,Dexter Ave & Denny Way,624.261,,2014,10,4,13
10/14/2014 13:50,Bellevue Ave & E Pine St,360.423,,2014,10,4,13
10/14/2014 13:51,6th Ave S & S King St,2174.675,,2014,10,4,13
10/14/2014 13:52,15th Ave E & E Thomas St,978.654,,2014,10,4,13
10/14/2014 13:54,NE 42nd St & University Way NE,4252.837,,2014,10,4,13
10/14/2014 13:54,REI / Yale Ave N & John St,930.273,,2014,10,4,13
10/14/2014 13:56,3rd Ave & Broad St,2524.205,,2014,10,4,13
10/14/2014 13:59,City Hall / 4th Ave & James St,1147.253,,2014,10,4,13
10/14/2014 14:01,3rd Ave & Broad St,2222.335,,2014,10,4,14
10/14/2014 14:04,Pier 69 / Alaskan Way & Clay St,673.889,,2014,10,4,14
10/14/2014 14:08,3rd Ave & Broad St,824.64,,2014,10,4,14
10/14/2014 14:12,Republican St & Westlake Ave N,819.421,,2014,10,4,14
10/14/2014 14:16,Occidental Park / Occidental Ave S & S Washington St,963.125,,2014,10,4,14
10/14/2014 14:19,1st Ave & Marion St,959.588,,2014,10,4,14
10/14/2014 14:19,2nd Ave & Pine St,5530.622,,2014,10,4,14
10/14/2014 14:19,Summit Ave E & E Republican St,176.282,,2014,10,4,14
10/14/2014 14:29,9th Ave N & Mercer St,656.369,,2014,10,4,14
10/14/2014 14:30,City Hall / 4th Ave & James St,62.299,,2014,10,4,14
10/14/2014 14:31,City Hall / 4th Ave & James St,434.242,,2014,10,4,14
10/14/2014 14:31,NE 47th St & 12th Ave NE,322.97,,2014,10,4,14
10/14/2014 14:36,Occidental Park / Occidental Ave S & S Washington St,946.873,,2014,10,4,14
10/14/2014 14:37,E Harrison St & Broadway Ave E,1024.914,,2014,10,4,14
10/14/2014 14:41,15th Ave NE & NE 40th St,646.83,,2014,10,4,14
10/14/2014 14:43,2nd Ave & Spring St,2095.164,,2014,10,4,14
10/14/2014 14:48,15th Ave E & E Thomas St,1275.981,,2014,10,4,14
10/14/2014 14:49,15th Ave E & E Thomas St,1199.315,,2014,10,4,14
10/14/2014 14:52,12th Ave & NE Campus Pkwy,334.683,,2014,10,4,14
10/14/2014 14:53,Summit Ave & E Denny Way,197.197,,2014,10,4,14
10/14/2014 14:54,Occidental Park / Occidental Ave S & S Washington St,569.989,,2014,10,4,14
10/14/2014 14:59,Occidental Park / Occidental Ave S & S Washington St,389.172,,2014,10,4,14
10/14/2014 15:01,Dexter Ave N & Aloha St,542.973,,2014,10,4,15
10/14/2014 15:06,REI / Yale Ave N & John St,688.978,,2014,10,4,15
10/14/2014 15:08,12th Ave & E Denny Way,555.128,,2014,10,4,15
10/14/2014 15:13,Westlake Ave & 6th Ave,432.411,,2014,10,4,15
10/14/2014 15:15,Key Arena / 1st Ave N & Harrison St,346.255,,2014,10,4,15
10/14/2014 15:16,REI / Yale Ave N & John St,940.692,,2014,10,4,15
10/14/2014 15:20,REI / Yale Ave N & John St,1318.376,,2014,10,4,15
10/14/2014 15:22,REI / Yale Ave N & John St,1207.526,,2014,10,4,15
10/14/2014 15:22,Westlake Ave & 6th Ave,725.605,,2014,10,4,15
10/14/2014 15:29,City Hall / 4th Ave & James St,1004.563,,2014,10,4,15
10/14/2014 15:34,2nd Ave & Spring St,640.14,,2014,10,4,15
10/14/2014 15:34,Dexter Ave & Denny Way,748.034,,2014,10,4,15
10/14/2014 15:37,Eastlake Ave E & E Allison St,878.473,,2014,10,4,15
10/14/2014 15:39,2nd Ave & Spring St,398.256,,2014,10,4,15
10/14/2014 15:41,NE 47th St & 12th Ave NE,312.524,,2014,10,4,15
10/14/2014 15:42,Occidental Park / Occidental Ave S & S Washington St,2456.783,,2014,10,4,15
10/14/2014 15:42,Westlake Ave & 6th Ave,364.158,,2014,10,4,15
10/14/2014 15:43,E Harrison St & Broadway Ave E,352.235,,2014,10,4,15
10/14/2014 15:44,3rd Ave & Broad St,3979.718,,2014,10,4,15
10/14/2014 15:44,Fred Hutchinson Cancer Research Center / Fairview Ave N & Ward St,562.529,,2014,10,4,15
10/14/2014 15:47,Westlake Ave & 6th Ave,758.268,,2014,10,4,15
10/14/2014 15:49,Lake Union Park / Valley St & Boren Ave N,2155.842,,2014,10,4,15
10/14/2014 15:50,Lake Union Park / Valley St & Boren Ave N,10177.249,,2014,10,4,15
10/14/2014 15:51,Lake Union Park / Valley St & Boren Ave N,4022.026,,2014,10,4,15
10/14/2014 15:52,Lake Union Park / Valley St & Boren Ave N,3940.101,,2014,10,4,15
10/14/2014 15:52,REI / Yale Ave N & John St,507.903,,2014,10,4,15
10/14/2014 15:53,Cal Anderson Park / 11th Ave & Pine St,268.428,,2014,10,4,15
10/14/2014 15:55,Lake Union Park / Valley St & Boren Ave N,1779.04,,2014,10,4,15
10/14/2014 15:55,Summit Ave & E Denny Way,829.349,,2014,10,4,15
10/14/2014 15:59,Fred Hutchinson Cancer Research Center / Fairview Ave N & Ward St,2564.013,,2014,10,4,15
10/14/2014 16:00,Pier 69 / Alaskan Way & Clay St,1617.776,,2014,10,4,16
10/14/2014 16:04,Seattle Aquarium / Alaskan Way S & Elliott Bay Trail,216.11,,2014,10,4,16
10/14/2014 16:05,2nd Ave & Pine St,554.631,,2014,10,4,16
10/14/2014 16:06,REI / Yale Ave N & John St,659.878,,2014,10,4,16
10/14/2014 16:07,UW Intramural Activities Building,534.047,,2014,10,4,16
10/14/2014 16:17,NE 42nd St & University Way NE,5854.344,,2014,10,4,16
10/14/2014 16:18,12th Ave & E Mercer St,130.107,,2014,10,4,16
10/14/2014 16:21,12th Ave & E Mercer St,1186.778,,2014,10,4,16
10/14/2014 16:22,12th Ave & E Mercer St,1167.039,,2014,10,4,16
10/14/2014 16:22,King Street Station Plaza / 2nd Ave Extension S & S Jackson St,192.698,,2014,10,4,16
10/14/2014 16:27,Children's Hospital / Sandpoint Way NE & 40th Ave NE,1190.225,,2014,10,4,16
10/14/2014 16:30,Occidental Park / Occidental Ave S & S Washington St,571.019,,2014,10,4,16
10/14/2014 16:35,E Pine St & 16th Ave,859.096,,2014,10,4,16
10/14/2014 16:35,UW McCarty Hall / Whitman Ct,280.145,,2014,10,4,16
10/14/2014 16:39,2nd Ave & Spring St,262.285,,2014,10,4,16
10/14/2014 16:40,Pine St & 9th Ave,324.671,,2014,10,4,16
10/14/2014 16:41,6th Ave S & S King St,583.133,,2014,10,4,16
10/14/2014 16:45,Key Arena / 1st Ave N & Harrison St,427.678,,2014,10,4,16
10/14/2014 16:45,PATH / 9th Ave & Westlake Ave,325.943,,2014,10,4,16
10/14/2014 16:46,King Street Station Plaza / 2nd Ave Extension S & S Jackson St,218.059,,2014,10,4,16
10/14/2014 16:48,City Hall / 4th Ave & James St,1116.96,,2014,10,4,16
10/14/2014 16:50,NE 47th St & 12th Ave NE,1681.631,,2014,10,4,16
10/14/2014 16:52,12th Ave & E Mercer St,730.294,,2014,10,4,16
10/14/2014 16:52,9th Ave N & Mercer St,526.753,,2014,10,4,16
10/14/2014 16:52,PATH / 9th Ave & Westlake Ave,647.855,,2014,10,4,16
10/14/2014 16:54,2nd Ave & Blanchard St,806.277,,2014,10,4,16
10/14/2014 16:54,Cal Anderson Park / 11th Ave & Pine St,227.613,,2014,10,4,16
10/14/2014 16:54,Frye Art Museum / Terry Ave & Columbia St,909.182,,2014,10,4,16
10/14/2014 16:55,2nd Ave & Pine St,1008.593,,2014,10,4,16
10/14/2014 16:58,REI / Yale Ave N & John St,795.644,,2014,10,4,16
10/14/2014 17:03,PATH / 9th Ave & Westlake Ave,602.77,,2014,10,4,17
10/14/2014 17:04,12th Ave & E Mercer St,224.623,,2014,10,4,17
10/14/2014 17:05,Westlake Ave & 6th Ave,560.869,,2014,10,4,17
10/14/2014 17:06,City Hall / 4th Ave & James St,942.193,,2014,10,4,17
10/14/2014 17:06,Westlake Ave & 6th Ave,2991.736,,2014,10,4,17
10/14/2014 17:07,3rd Ave & Broad St,1054.65,,2014,10,4,17
10/14/2014 17:08,2nd Ave & Blanchard St,937.227,,2014,10,4,17
10/14/2014 17:12,2nd Ave & Vine St,391.153,,2014,10,4,17
10/14/2014 17:13,Occidental Park / Occidental Ave S & S Washington St,1189.637,,2014,10,4,17
10/14/2014 17:13,Westlake Ave & 6th Ave,786.61,,2014,10,4,17
10/14/2014 17:15,2nd Ave & Pine St,1157.254,,2014,10,4,17
10/14/2014 17:15,Cal Anderson Park / 11th Ave & Pine St,416.323,,2014,10,4,17
10/14/2014 17:19,2nd Ave & Vine St,589.681,,2014,10,4,17
10/14/2014 17:19,Harvard Ave & E Pine St,804.088,,2014,10,4,17
10/14/2014 17:19,PATH / 9th Ave & Westlake Ave,5774.114,,2014,10,4,17
10/14/2014 17:20,15th Ave NE & NE 40th St,209.072,,2014,10,4,17
10/14/2014 17:21,Eastlake Ave E & E Allison St,668.269,,2014,10,4,17
10/14/2014 17:22,6th Ave S & S King St,454.629,,2014,10,4,17
10/14/2014 17:23,Republican St & Westlake Ave N,1105.116,,2014,10,4,17
10/14/2014 17:25,2nd Ave & Spring St,981.84,,2014,10,4,17
10/14/2014 17:27,7th Ave & Union St,558.623,,2014,10,4,17
10/14/2014 17:30,15th Ave E & E Thomas St,451.908,,2014,10,4,17
10/14/2014 17:30,Fred Hutchinson Cancer Research Center / Fairview Ave N & Ward St,867.338,,2014,10,4,17
10/14/2014 17:31,6th Ave S & S King St,1076.499,,2014,10,4,17
10/14/2014 17:33,REI / Yale Ave N & John St,731.972,,2014,10,4,17
10/14/2014 17:34,Westlake Ave & 6th Ave,623.457,,2014,10,4,17
10/14/2014 17:36,7th Ave & Union St,1076.74,,2014,10,4,17
10/14/2014 17:41,UW Engineering Library / E Stevens Way NE & Jefferson Rd,640.89,,2014,10,4,17
10/14/2014 17:42,1st Ave & Marion St,634.453,,2014,10,4,17
10/14/2014 17:42,Westlake Ave & 6th Ave,320.758,,2014,10,4,17
10/14/2014 17:43,E Pine St & 16th Ave,757.45,,2014,10,4,17
10/14/2014 17:44,Bellevue Ave & E Pine St,281.248,,2014,10,4,17
10/14/2014 17:45,15th Ave NE & NE 40th St,584.547,,2014,10,4,17
10/14/2014 17:45,7th Ave & Union St,691.362,,2014,10,4,17
10/14/2014 17:45,Cal Anderson Park / 11th Ave & Pine St,663.369,,2014,10,4,17
10/14/2014 17:47,7th Ave & Union St,412.429,,2014,10,4,17
10/14/2014 17:51,Republican St & Westlake Ave N,933.126,,2014,10,4,17
10/14/2014 17:54,Occidental Park / Occidental Ave S & S Washington St,933.335,,2014,10,4,17
10/14/2014 17:55,15th Ave E & E Thomas St,423.73,,2014,10,4,17
10/14/2014 17:55,Pine St & 9th Ave,759.499,,2014,10,4,17
10/14/2014 17:56,2nd Ave & Spring St,355.725,,2014,10,4,17
10/14/2014 17:56,E Harrison St & Broadway Ave E,497.088,,2014,10,4,17
10/14/2014 17:56,Frye Art Museum / Terry Ave & Columbia St,789.533,,2014,10,4,17
10/14/2014 17:57,Cal Anderson Park / 11th Ave & Pine St,3927.838,,2014,10,4,17
10/14/2014 17:58,Dexter Ave N & Aloha St,2294.352,,2014,10,4,17
10/14/2014 17:59,15th Ave E & E Thomas St,448.73,,2014,10,4,17
10/14/2014 17:59,2nd Ave & Blanchard St,913.012,,2014,10,4,17
10/14/2014 17:59,Cal Anderson Park / 11th Ave & Pine St,3840.342,,2014,10,4,17
10/14/2014 17:59,Republican St & Westlake Ave N,439.181,,2014,10,4,17
10/14/2014 18:00,PATH / 9th Ave & Westlake Ave,551.668,,2014,10,4,18
10/14/2014 18:02,Cal Anderson Park / 11th Ave & Pine St,3687.991,,2014,10,4,18
10/14/2014 18:05,PATH / 9th Ave & Westlake Ave,296.016,,2014,10,4,18
10/14/2014 18:11,Dexter Ave & Denny Way,2196.016,,2014,10,4,18
10/14/2014 18:12,12th Ave & E Mercer St,716.17,,2014,10,4,18
10/14/2014 18:15,3rd Ave & Broad St,1155.254,,2014,10,4,18
10/14/2014 18:16,12th Ave & E Mercer St,1302.488,,2014,10,4,18
10/14/2014 18:16,3rd Ave & Broad St,1115.414,,2014,10,4,18
10/14/2014 18:17,6th Ave & Blanchard St,1156.151,,2014,10,4,18
10/14/2014 18:20,2nd Ave & Pine St,613.824,,2014,10,4,18
10/14/2014 18:20,Summit Ave E & E Republican St,500.429,,2014,10,4,18
10/14/2014 18:21,Frye Art Museum / Terry Ave & Columbia St,676.948,,2014,10,4,18
10/14/2014 18:22,15th Ave E & E Thomas St,516.703,,2014,10,4,18
10/14/2014 18:22,2nd Ave & Vine St,786.836,,2014,10,4,18
10/14/2014 18:22,E Harrison St & Broadway Ave E,943.725,,2014,10,4,18
10/14/2014 18:26,Republican St & Westlake Ave N,514.877,,2014,10,4,18
10/14/2014 18:27,Bellevue Ave & E Pine St,149.008,,2014,10,4,18
10/14/2014 18:29,PATH / 9th Ave & Westlake Ave,590.305,,2014,10,4,18
10/14/2014 18:30,E Harrison St & Broadway Ave E,244.366,,2014,10,4,18
10/14/2014 18:31,Occidental Park / Occidental Ave S & S Washington St,1351.062,,2014,10,4,18
10/14/2014 18:32,Republican St & Westlake Ave N,740.003,,2014,10,4,18
10/14/2014 18:34,Bellevue Ave & E Pine St,401.304,,2014,10,4,18
10/14/2014 18:36,Cal Anderson Park / 11th Ave & Pine St,260.046,,2014,10,4,18
10/14/2014 18:39,Key Arena / 1st Ave N & Harrison St,1764.67,,2014,10,4,18
10/14/2014 18:40,E Pine St & 16th Ave,663.57,,2014,10,4,18
10/14/2014 18:40,Summit Ave & E Denny Way,289.327,,2014,10,4,18
10/14/2014 18:41,6th Ave & Blanchard St,510.025,,2014,10,4,18
10/14/2014 18:42,2nd Ave & Vine St,591.244,,2014,10,4,18
10/14/2014 18:44,E Pine St & 16th Ave,522.638,,2014,10,4,18
10/14/2014 18:46,E Pine St & 16th Ave,1080.136,,2014,10,4,18
10/14/2014 18:48,E Harrison St & Broadway Ave E,868.111,,2014,10,4,18
10/14/2014 18:54,E Pine St & 16th Ave,296.816,,2014,10,4,18
10/14/2014 18:57,12th Ave & E Mercer St,109.466,,2014,10,4,18
10/14/2014 18:57,PATH / 9th Ave & Westlake Ave,121.238,,2014,10,4,18
10/14/2014 18:58,15th Ave NE & NE 40th St,534.235,,2014,10,4,18
10/14/2014 18:58,Bellevue Ave & E Pine St,310.933,,2014,10,4,18
10/14/2014 19:00,Dexter Ave & Denny Way,338.841,,2014,10,4,19
10/14/2014 19:03,Harvard Ave & E Pine St,1150.404,,2014,10,4,19
10/14/2014 19:05,E Pine St & 16th Ave,389.13,,2014,10,4,19
10/14/2014 19:06,15th Ave E & E Thomas St,2713.74,,2014,10,4,19
10/14/2014 19:06,9th Ave N & Mercer St,1163.317,,2014,10,4,19
10/14/2014 19:09,Lake Union Park / Valley St & Boren Ave N,427.498,,2014,10,4,19
10/14/2014 19:15,6th Ave S & S King St,1255.306,,2014,10,4,19
10/14/2014 19:18,Occidental Park / Occidental Ave S & S Washington St,373.186,,2014,10,4,19
10/14/2014 19:23,PATH / 9th Ave & Westlake Ave,417.976,,2014,10,4,19
10/14/2014 19:25,Children's Hospital / Sandpoint Way NE & 40th Ave NE,1300.545,,2014,10,4,19
10/14/2014 19:27,Westlake Ave & 6th Ave,1959.184,,2014,10,4,19
10/14/2014 19:29,E Harrison St & Broadway Ave E,1152.687,,2014,10,4,19
10/14/2014 19:30,E Harrison St & Broadway Ave E,1107.782,,2014,10,4,19
10/14/2014 19:33,REI / Yale Ave N & John St,536.376,,2014,10,4,19
10/14/2014 19:37,NE 42nd St & University Way NE,448.809,,2014,10,4,19
10/14/2014 19:40,Cal Anderson Park / 11th Ave & Pine St,869.146,,2014,10,4,19
10/14/2014 19:44,2nd Ave & Pine St,240.66,,2014,10,4,19
10/14/2014 19:44,6th Ave & Blanchard St,408.05,,2014,10,4,19
10/14/2014 19:46,Pier 69 / Alaskan Way & Clay St,4753.679,,2014,10,4,19
10/14/2014 19:47,Bellevue Ave & E Pine St,195.595,,2014,10,4,19
10/14/2014 19:49,Burke Museum / E Stevens Way NE & Memorial Way NE,242.499,,2014,10,4,19
10/14/2014 19:51,Eastlake Ave E & E Allison St,17806.815,,2014,10,4,19
10/14/2014 19:58,3rd Ave & Broad St,777.94,,2014,10,4,19
10/14/2014 20:06,6th Ave S & S King St,1764.755,,2014,10,4,20
10/14/2014 20:06,Key Arena / 1st Ave N & Harrison St,615.947,,2014,10,4,20
10/14/2014 20:08,6th Ave S & S King St,1668.231,,2014,10,4,20
10/14/2014 20:09,6th Ave S & S King St,1607.35,,2014,10,4,20
10/14/2014 20:11,Frye Art Museum / Terry Ave & Columbia St,141.172,,2014,10,4,20
10/14/2014 20:13,Frye Art Museum / Terry Ave & Columbia St,541.206,,2014,10,4,20
10/14/2014 20:14,Frye Art Museum / Terry Ave & Columbia St,474.058,,2014,10,4,20
10/14/2014 20:25,City Hall / 4th Ave & James St,1037.695,,2014,10,4,20
10/14/2014 20:29,E Pine St & 16th Ave,186.719,,2014,10,4,20
10/14/2014 20:44,15th Ave E & E Thomas St,316.507,,2014,10,4,20
10/14/2014 20:46,Cal Anderson Park / 11th Ave & Pine St,3168.273,,2014,10,4,20
10/14/2014 20:49,REI / Yale Ave N & John St,455.784,,2014,10,4,20
10/14/2014 20:51,Frye Art Museum / Terry Ave & Columbia St,1214.381,,2014,10,4,20
10/14/2014 20:54,Frye Art Museum / Terry Ave & Columbia St,552.853,,2014,10,4,20
10/14/2014 20:55,Frye Art Museum / Terry Ave & Columbia St,552.169,,2014,10,4,20
10/14/2014 20:58,Republican St & Westlake Ave N,622.039,,2014,10,4,20
10/14/2014 21:00,2nd Ave & Pine St,388.36,,2014,10,4,21
10/14/2014 21:02,2nd Ave & Pine St,842.987,,2014,10,4,21
10/14/2014 21:04,12th Ave & E Denny Way,1145.25,,2014,10,4,21
10/14/2014 21:12,Harvard Ave & E Pine St,384.069,,2014,10,4,21
10/14/2014 21:14,Bellevue Ave & E Pine St,5552.516,,2014,10,4,21
10/14/2014 21:19,Cal Anderson Park / 11th Ave & Pine St,416.461,,2014,10,4,21
10/14/2014 21:20,Cal Anderson Park / 11th Ave & Pine St,348.373,,2014,10,4,21
10/14/2014 21:25,Republican St & Westlake Ave N,457.169,,2014,10,4,21
10/14/2014 21:32,2nd Ave & Pine St,661.987,,2014,10,4,21
10/14/2014 21:33,2nd Ave & Pine St,729.168,,2014,10,4,21
10/14/2014 21:39,REI / Yale Ave N & John St,509.935,,2014,10,4,21
10/14/2014 21:49,2nd Ave & Spring St,797.348,,2014,10,4,21
10/14/2014 21:50,12th Ave & NE Campus Pkwy,1593.168,,2014,10,4,21
10/14/2014 22:23,E Harrison St & Broadway Ave E,861.809,,2014,10,4,22
10/14/2014 22:25,Harvard Ave & E Pine St,21834.346,,2014,10,4,22
10/14/2014 22:26,Harvard Ave & E Pine St,21776.479,,2014,10,4,22
10/14/2014 22:39,UW Magnuson Health Sciences Center Rotunda / Columbia Rd & San Juan Rd,702.339,,2014,10,4,22
10/14/2014 22:51,Cal Anderson Park / 11th Ave & Pine St,272.334,,2014,10,4,22
10/14/2014 23:13,Bellevue Ave & E Pine St,460.694,,2014,10,4,23
10/14/2014 23:59,6th Ave S & S King St,153.63,,2014,10,4,23
10/15/2014 0:10,Pine St & 9th Ave,495.313,,2014,10,4,0
10/15/2014 0:13,E Harrison St & Broadway Ave E,539.478,,2014,10,4,0
10/15/2014 0:35,Lake Union Park / Valley St & Boren Ave N,1064.28,,2014,10,4,0
10/15/2014 1:02,Eastlake Ave E & E Allison St,662.223,,2014,10,4,1
10/15/2014 1:43,NE 47th St & 12th Ave NE,999.436,,2014,10,4,1
10/15/2014 2:03,Lake Union Park / Valley St & Boren Ave N,540.406,,2014,10,4,2
10/15/2014 6:07,E Harrison St & Broadway Ave E,548.58,,2014,10,4,6
10/15/2014 6:08,E Pine St & 16th Ave,680.588,,2014,10,4,6
10/15/2014 6:32,1st Ave & Marion St,879.084,,2014,10,4,6
10/15/2014 6:33,2nd Ave & Vine St,409.967,,2014,10,4,6
10/15/2014 6:35,Pier 69 / Alaskan Way & Clay St,549.358,,2014,10,4,6
10/15/2014 6:36,Bellevue Ave & E Pine St,193.635,,2014,10,4,6
10/15/2014 6:36,Westlake Ave & 6th Ave,664.601,,2014,10,4,6
10/15/2014 7:02,Dexter Ave & Denny Way,111.552,,2014,10,4,7
10/15/2014 7:08,E Pine St & 16th Ave,743.634,,2014,10,4,7
10/15/2014 7:15,1st Ave & Marion St,532.806,,2014,10,4,7
10/15/2014 7:17,Eastlake Ave E & E Allison St,248.539,,2014,10,4,7
10/15/2014 7:35,E Harrison St & Broadway Ave E,527.191,,2014,10,4,7
10/15/2014 7:43,E Harrison St & Broadway Ave E,321.917,,2014,10,4,7
10/15/2014 7:44,1st Ave & Marion St,458.17,,2014,10,4,7
10/15/2014 7:47,Occidental Park / Occidental Ave S & S Washington St,840.482,,2014,10,4,7
10/15/2014 7:50,Pine St & 9th Ave,718.345,,2014,10,4,7
10/15/2014 7:56,REI / Yale Ave N & John St,1133.315,,2014,10,4,7
10/15/2014 8:07,12th Ave & E Mercer St,531.412,,2014,10,4,8
10/15/2014 8:08,1st Ave & Marion St,330.845,,2014,10,4,8
10/15/2014 8:11,Summit Ave E & E Republican St,379.757,,2014,10,4,8
10/15/2014 8:14,2nd Ave & Vine St,330.755,,2014,10,4,8
10/15/2014 8:19,E Blaine St & Fairview Ave E,1135.631,,2014,10,4,8
10/15/2014 8:23,12th Ave & E Denny Way,716.528,,2014,10,4,8
10/15/2014 8:25,Summit Ave E & E Republican St,630.378,,2014,10,4,8
10/15/2014 8:27,1st Ave & Marion St,1234.187,,2014,10,4,8
10/15/2014 8:28,Dexter Ave N & Aloha St,515.672,,2014,10,4,8
10/15/2014 8:47,PATH / 9th Ave & Westlake Ave,319.476,,2014,10,4,8
10/15/2014 8:49,2nd Ave & Pine St,422.785,,2014,10,4,8
10/15/2014 8:59,UW Magnuson Health Sciences Center Rotunda / Columbia Rd & San Juan Rd,976.696,,2014,10,4,8
10/15/2014 9:01,UW Magnuson Health Sciences Center Rotunda / Columbia Rd & San Juan Rd,862.238,,2014,10,4,9
10/15/2014 9:02,Occidental Park / Occidental Ave S & S Washington St,391.855,,2014,10,4,9
10/15/2014 9:06,12th Ave & E Denny Way,495.821,,2014,10,4,9
10/15/2014 9:08,E Harrison St & Broadway Ave E,1089.822,,2014,10,4,9
10/15/2014 9:13,King Street Station Plaza / 2nd Ave Extension S & S Jackson St,334.366,,2014,10,4,9
10/15/2014 9:17,E Pine St & 16th Ave,1035.422,,2014,10,4,9
10/15/2014 9:19,Burke-Gilman Trail / NE Blakeley St & 24th Ave NE,671.723,,2014,10,4,9
10/15/2014 9:21,12th Ave & E Mercer St,1064.652,,2014,10,4,9
10/15/2014 9:21,Burke-Gilman Trail / NE Blakeley St & 24th Ave NE,772.774,,2014,10,4,9
10/15/2014 9:21,Frye Art Museum / Terry Ave & Columbia St,341.501,,2014,10,4,9
10/15/2014 9:24,6th Ave & Blanchard St,320.243,,2014,10,4,9
10/15/2014 9:27,Cal Anderson Park / 11th Ave & Pine St,604.317,,2014,10,4,9
10/15/2014 9:28,Pier 69 / Alaskan Way & Clay St,162.546,,2014,10,4,9
10/15/2014 9:35,Cal Anderson Park / 11th Ave & Pine St,251.181,,2014,10,4,9
10/15/2014 9:46,Seattle University / E Columbia St & 12th Ave,607.429,,2014,10,4,9
10/15/2014 9:47,UW Engineering Library / E Stevens Way NE & Jefferson Rd,405.707,,2014,10,4,9
10/15/2014 9:48,Dexter Ave & Denny Way,767.225,,2014,10,4,9
10/15/2014 9:50,E Harrison St & Broadway Ave E,445.32,,2014,10,4,9
10/15/2014 9:52,15th Ave E & E Thomas St,377.577,,2014,10,4,9
10/15/2014 9:58,Summit Ave E & E Republican St,641.057,,2014,10,4,9
10/15/2014 10:01,Cal Anderson Park / 11th Ave & Pine St,845.383,,2014,10,4,10
10/15/2014 10:03,Bellevue Ave & E Pine St,284.464,,2014,10,4,10
10/15/2014 10:03,E Harrison St & Broadway Ave E,1087.586,,2014,10,4,10
10/15/2014 10:08,City Hall / 4th Ave & James St,338.659,,2014,10,4,10
10/15/2014 10:11,6th Ave & Blanchard St,252.153,,2014,10,4,10
10/15/2014 10:15,12th Ave & NE Campus Pkwy,1556.64,,2014,10,4,10
10/15/2014 10:19,Summit Ave & E Denny Way,500.178,,2014,10,4,10
10/15/2014 10:23,Burke Museum / E Stevens Way NE & Memorial Way NE,879.773,,2014,10,4,10
10/15/2014 10:23,NE 47th St & 12th Ave NE,596.057,,2014,10,4,10
10/15/2014 10:29,2nd Ave & Spring St,288.044,,2014,10,4,10
10/15/2014 10:30,Summit Ave E & E Republican St,730.623,,2014,10,4,10
10/15/2014 10:31,Summit Ave E & E Republican St,338.776,,2014,10,4,10
10/15/2014 10:35,Lake Union Park / Valley St & Boren Ave N,1821.62,,2014,10,4,10
10/15/2014 10:37,Lake Union Park / Valley St & Boren Ave N,1710.04,,2014,10,4,10
10/15/2014 10:42,Seattle University / E Columbia St & 12th Ave,449.859,,2014,10,4,10
10/15/2014 10:45,Cal Anderson Park / 11th Ave & Pine St,445.347,,2014,10,4,10
10/15/2014 10:45,Pine St & 9th Ave,460.859,,2014,10,4,10
10/15/2014 10:47,E Harrison St & Broadway Ave E,1427.621,,2014,10,4,10
10/15/2014 10:48,9th Ave N & Mercer St,892.8,,2014,10,4,10
10/15/2014 10:53,Frye Art Museum / Terry Ave & Columbia St,766.566,,2014,10,4,10
10/15/2014 10:55,NE 42nd St & University Way NE,858.795,,2014,10,4,10
10/15/2014 11:01,15th Ave E & E Thomas St,242.027,,2014,10,4,11
10/15/2014 11:03,9th Ave N & Mercer St,253.351,,2014,10,4,11
10/15/2014 11:05,City Hall / 4th Ave & James St,1137.585,,2014,10,4,11
10/15/2014 11:14,6th Ave & Blanchard St,885.374,,2014,10,4,11
10/15/2014 11:16,E Pine St & 16th Ave,983.981,,2014,10,4,11
10/15/2014 11:17,E Harrison St & Broadway Ave E,276.113,,2014,10,4,11
10/15/2014 11:24,Seattle University / E Columbia St & 12th Ave,1059.108,,2014,10,4,11
10/15/2014 11:26,Westlake Ave & 6th Ave,486.59,,2014,10,4,11
10/15/2014 11:34,7th Ave & Union St,478.534,,2014,10,4,11
10/15/2014 11:38,City Hall / 4th Ave & James St,915.3,,2014,10,4,11
10/15/2014 11:40,1st Ave & Marion St,258.972,,2014,10,4,11
10/15/2014 11:48,REI / Yale Ave N & John St,723.483,,2014,10,4,11
10/15/2014 11:49,Summit Ave & E Denny Way,205.099,,2014,10,4,11
10/15/2014 11:59,Frye Art Museum / Terry Ave & Columbia St,350.039,,2014,10,4,11
10/15/2014 11:59,Occidental Park / Occidental Ave S & S Washington St,356.489,,2014,10,4,11
10/15/2014 12:20,Republican St & Westlake Ave N,2401.614,,2014,10,4,12
10/15/2014 12:25,12th Ave & NE Campus Pkwy,1597.142,,2014,10,4,12
10/15/2014 12:26,1st Ave & Marion St,484.09,,2014,10,4,12
10/15/2014 12:28,1st Ave & Marion St,282.291,,2014,10,4,12
10/15/2014 12:33,3rd Ave & Broad St,307.63,,2014,10,4,12
10/15/2014 12:47,Summit Ave & E Denny Way,371.206,,2014,10,4,12
10/15/2014 12:47,UW Magnuson Health Sciences Center Rotunda / Columbia Rd & San Juan Rd,374.088,,2014,10,4,12
10/15/2014 12:49,6th Ave & Blanchard St,618.862,,2014,10,4,12
10/15/2014 12:50,2nd Ave & Pine St,1078.856,,2014,10,4,12
10/15/2014 12:56,2nd Ave & Blanchard St,1160.021,,2014,10,4,12
10/15/2014 13:04,6th Ave S & S King St,3119.778,,2014,10,4,13
10/15/2014 13:04,King Street Station Plaza / 2nd Ave Extension S & S Jackson St,544.734,,2014,10,4,13
10/15/2014 13:06,UW Magnuson Health Sciences Center Rotunda / Columbia Rd & San Juan Rd,590.817,,2014,10,4,13
10/15/2014 13:07,Republican St & Westlake Ave N,355.809,,2014,10,4,13
10/15/2014 13:22,2nd Ave & Pine St,241.141,,2014,10,4,13
10/15/2014 13:24,Pier 69 / Alaskan Way & Clay St,2141.986,,2014,10,4,13
10/15/2014 13:41,9th Ave N & Mercer St,153.609,,2014,10,4,13
10/15/2014 13:44,UW Engineering Library / E Stevens Way NE & Jefferson Rd,320.501,,2014,10,4,13
10/15/2014 13:47,6th Ave S & S King St,2180.629,,2014,10,4,13
10/15/2014 13:53,Pine St & 9th Ave,1026.778,,2014,10,4,13
10/15/2014 14:02,Frye Art Museum / Terry Ave & Columbia St,714.356,,2014,10,4,14
10/15/2014 14:04,Occidental Park / Occidental Ave S & S Washington St,378.244,,2014,10,4,14
10/15/2014 14:06,Pier 69 / Alaskan Way & Clay St,938.795,,2014,10,4,14
10/15/2014 14:08,King Street Station Plaza / 2nd Ave Extension S & S Jackson St,170.101,,2014,10,4,14
10/15/2014 14:17,Seattle Aquarium / Alaskan Way S & Elliott Bay Trail,431.443,,2014,10,4,14
10/15/2014 14:20,Westlake Ave & 6th Ave,315.2,,2014,10,4,14
10/15/2014 14:40,Occidental Park / Occidental Ave S & S Washington St,1163.714,,2014,10,4,14
10/15/2014 14:42,Dexter Ave N & Aloha St,380.971,,2014,10,4,14
10/15/2014 14:48,Republican St & Westlake Ave N,280.476,,2014,10,4,14
10/15/2014 14:52,6th Ave & Blanchard St,3494.273,,2014,10,4,14
10/15/2014 14:53,Burke Museum / E Stevens Way NE & Memorial Way NE,447.183,,2014,10,4,14
10/15/2014 15:07,E Blaine St & Fairview Ave E,201.286,,2014,10,4,15
10/15/2014 15:09,PATH / 9th Ave & Westlake Ave,611.508,,2014,10,4,15
10/15/2014 15:11,2nd Ave & Spring St,602.296,,2014,10,4,15
10/15/2014 15:15,2nd Ave & Spring St,1013.53,,2014,10,4,15
10/15/2014 15:24,REI / Yale Ave N & John St,324.332,,2014,10,4,15
10/15/2014 15:26,Frye Art Museum / Terry Ave & Columbia St,1887.841,,2014,10,4,15
10/15/2014 15:27,Harvard Ave & E Pine St,365.226,,2014,10,4,15
10/15/2014 15:36,2nd Ave & Spring St,379.34,,2014,10,4,15
10/15/2014 15:37,REI / Yale Ave N & John St,1235.08,,2014,10,4,15
10/15/2014 15:39,2nd Ave & Vine St,584.968,,2014,10,4,15
10/15/2014 15:43,6th Ave S & S King St,937.558,,2014,10,4,15
10/15/2014 15:43,City Hall / 4th Ave & James St,1277.531,,2014,10,4,15
10/15/2014 15:48,Pier 69 / Alaskan Way & Clay St,411.28,,2014,10,4,15
10/15/2014 15:52,NE 47th St & 12th Ave NE,254.544,,2014,10,4,15
10/15/2014 15:53,15th Ave E & E Thomas St,939.072,,2014,10,4,15
10/15/2014 15:56,2nd Ave & Vine St,573.337,,2014,10,4,15
10/15/2014 15:56,Summit Ave E & E Republican St,429.737,,2014,10,4,15
10/15/2014 15:57,REI / Yale Ave N & John St,533.632,,2014,10,4,15
10/15/2014 16:02,12th Ave & NE Campus Pkwy,595.877,,2014,10,4,16
10/15/2014 16:06,PATH / 9th Ave & Westlake Ave,1129.754,,2014,10,4,16
10/15/2014 16:07,7th Ave & Union St,544.948,,2014,10,4,16
10/15/2014 16:08,UW Engineering Library / E Stevens Way NE & Jefferson Rd,368.479,,2014,10,4,16
10/15/2014 16:11,2nd Ave & Spring St,617.679,,2014,10,4,16
10/15/2014 16:11,City Hall / 4th Ave & James St,436.106,,2014,10,4,16
10/15/2014 16:12,Lake Union Park / Valley St & Boren Ave N,1557.953,,2014,10,4,16
10/15/2014 16:13,15th Ave NE & NE 40th St,571.644,,2014,10,4,16
10/15/2014 16:14,15th Ave NE & NE 40th St,1330.798,,2014,10,4,16
10/15/2014 16:14,Burke-Gilman Trail / NE Blakeley St & 24th Ave NE,782.029,,2014,10,4,16
10/15/2014 16:14,Frye Art Museum / Terry Ave & Columbia St,505.709,,2014,10,4,16
10/15/2014 16:15,E Harrison St & Broadway Ave E,660.329,,2014,10,4,16
10/15/2014 16:19,2nd Ave & Spring St,2618.68,,2014,10,4,16
10/15/2014 16:19,Westlake Ave & 6th Ave,587.758,,2014,10,4,16
10/15/2014 16:20,City Hall / 4th Ave & James St,1196.419,,2014,10,4,16
10/15/2014 16:22,2nd Ave & Spring St,809.439,,2014,10,4,16
10/15/2014 16:25,1st Ave & Marion St,555.214,,2014,10,4,16
10/15/2014 16:26,Summit Ave & E Denny Way,361.523,,2014,10,4,16
10/15/2014 16:29,E Pine St & 16th Ave,995.461,,2014,10,4,16
10/15/2014 16:31,PATH / 9th Ave & Westlake Ave,317.752,,2014,10,4,16
10/15/2014 16:32,Pine St & 9th Ave,848.599,,2014,10,4,16
10/15/2014 16:33,NE 42nd St & University Way NE,341.675,,2014,10,4,16
10/15/2014 16:38,9th Ave N & Mercer St,387.208,,2014,10,4,16
10/15/2014 16:39,3rd Ave & Broad St,569.155,,2014,10,4,16
10/15/2014 16:41,E Blaine St & Fairview Ave E,1434.348,,2014,10,4,16
10/15/2014 16:41,UW Magnuson Health Sciences Center Rotunda / Columbia Rd & San Juan Rd,658.38,,2014,10,4,16
10/15/2014 16:43,City Hall / 4th Ave & James St,1064.88,,2014,10,4,16
10/15/2014 16:45,1st Ave & Marion St,1980.716,,2014,10,4,16
10/15/2014 16:45,Republican St & Westlake Ave N,298.976,,2014,10,4,16
10/15/2014 16:46,Children's Hospital / Sandpoint Way NE & 40th Ave NE,1833.531,,2014,10,4,16
10/15/2014 16:47,Pine St & 9th Ave,489.018,,2014,10,4,16
10/15/2014 16:48,Republican St & Westlake Ave N,529.017,,2014,10,4,16
10/15/2014 16:49,UW Engineering Library / E Stevens Way NE & Jefferson Rd,608.999,,2014,10,4,16
10/15/2014 16:54,15th Ave NE & NE 40th St,1364.512,,2014,10,4,16
10/15/2014 16:54,REI / Yale Ave N & John St,808.9,,2014,10,4,16
10/15/2014 16:55,Westlake Ave & 6th Ave,575.797,,2014,10,4,16
10/15/2014 16:56,UW Engineering Library / E Stevens Way NE & Jefferson Rd,754.436,,2014,10,4,16
10/15/2014 16:58,Frye Art Museum / Terry Ave & Columbia St,837.737,,2014,10,4,16
10/15/2014 16:59,Harvard Ave & E Pine St,1163.343,,2014,10,4,16
10/15/2014 16:59,PATH / 9th Ave & Westlake Ave,475.024,,2014,10,4,16
10/15/2014 17:00,2nd Ave & Pine St,725.939,,2014,10,4,17
10/15/2014 17:00,PATH / 9th Ave & Westlake Ave,2793.714,,2014,10,4,17
10/15/2014 17:02,UW Intramural Activities Building,810.799,,2014,10,4,17
10/15/2014 17:05,Dexter Ave N & Aloha St,1946.748,,2014,10,4,17
10/15/2014 17:05,Frye Art Museum / Terry Ave & Columbia St,1361.591,,2014,10,4,17
10/15/2014 17:06,2nd Ave & Pine St,563.594,,2014,10,4,17
10/15/2014 17:06,7th Ave & Union St,382.266,,2014,10,4,17
10/15/2014 17:09,Pine St & 9th Ave,492.654,,2014,10,4,17
10/15/2014 17:10,2nd Ave & Spring St,1551.868,,2014,10,4,17
10/15/2014 17:10,REI / Yale Ave N & John St,345.407,,2014,10,4,17
10/15/2014 17:10,Westlake Ave & 6th Ave,445.483,,2014,10,4,17
10/15/2014 17:12,Summit Ave & E Denny Way,227.093,,2014,10,4,17
10/15/2014 17:15,2nd Ave & Vine St,440.224,,2014,10,4,17
10/15/2014 17:15,Cal Anderson Park / 11th Ave & Pine St,581.776,,2014,10,4,17
10/15/2014 17:16,2nd Ave & Spring St,307.382,,2014,10,4,17
10/15/2014 17:17,2nd Ave & Vine St,613.957,,2014,10,4,17
10/15/2014 17:17,7th Ave & Union St,404.437,,2014,10,4,17
10/15/2014 17:19,E Harrison St & Broadway Ave E,468.895,,2014,10,4,17
10/15/2014 17:21,E Harrison St & Broadway Ave E,577.646,,2014,10,4,17
10/15/2014 17:22,12th Ave & E Mercer St,947.844,,2014,10,4,17
10/15/2014 17:24,Cal Anderson Park / 11th Ave & Pine St,438.543,,2014,10,4,17
10/15/2014 17:24,City Hall / 4th Ave & James St,934.927,,2014,10,4,17
10/15/2014 17:25,E Blaine St & Fairview Ave E,1184.465,,2014,10,4,17
10/15/2014 17:26,15th Ave NE & NE 40th St,559.37,,2014,10,4,17
10/15/2014 17:27,Lake Union Park / Valley St & Boren Ave N,814.388,,2014,10,4,17
10/15/2014 17:28,Bellevue Ave & E Pine St,349.573,,2014,10,4,17
10/15/2014 17:32,7th Ave & Union St,513.118,,2014,10,4,17
10/15/2014 17:32,Dexter Ave N & Aloha St,2904.93,,2014,10,4,17
10/15/2014 17:34,1st Ave & Marion St,1405.46,,2014,10,4,17
10/15/2014 17:34,City Hall / 4th Ave & James St,431.101,,2014,10,4,17
10/15/2014 17:36,E Blaine St & Fairview Ave E,1575.575,,2014,10,4,17
10/15/2014 17:36,Occidental Park / Occidental Ave S & S Washington St,195.101,,2014,10,4,17
